"","Variable","Beta","p","CDH"
"PC9","PC9",-0.000521364408839229,0.00152885292300976,"CopyBChr"
"PC8","PC8",0.00123431126066156,0.00038842354434769,"CopyBChr"
