"","Variable","Beta","p","CDH"
"S3_192484757","S3_192484757",0.324692622482264,0.00107739013407747,"Ab10"
"S3_192562582","S3_192562582",0.50513500504439,0.00016066203864326,"Ab10"
"S4_193239646","S4_193239646",0.834442779776712,2.82170462168748e-10,"Ab10"
"S8_73817047","S8_73817047",1.04689133365195,6.60618351992707e-23,"Ab10"
"S9_29026157","S9_29026157",-0.426974033121334,2.78392463849133e-06,"Ab10"
"S10_71197305","S10_71197305",-0.654580764690388,2.3151245430542e-11,"Ab10"
"PC4","PC4",-26.5438168571045,0.000472002320995547,"Ab10"
"PC6","PC6",-21.7835702046425,0.00698568506642654,"Ab10"
"PC8","PC8",-49.1837022955362,3.02465124225939e-11,"Ab10"
"PC9","PC9",-25.2858703819499,0.000460218992195795,"Ab10"
