CDH,Full_Model,Pop_Structure,Env,SNPs
Ab10,18.38111545,4.763843811,NA,14.50707564
K10L2,18.52676469,7.42979186,4.604349966,4.643648865
B Chr,20.19641034,15.7311433,2.291996105,6.347160311
B Chr Copy Number,7.254600785,2.050713236,4.17494027,NA