"","Variable","Beta","p","CDH"
"PC1","PC1",41.4976287980425,5.18188224680182e-17,"BChr"
"PC4","PC4",36.2841554026259,8.66564873075913e-05,"BChr"
"PC5","PC5",27.2118509973227,0.00752441093958918,"BChr"
"PC6","PC6",19.9555683407168,0.0032103532370492,"BChr"
"PC8","PC8",20.6867433005036,0.000158644398824819,"BChr"
"PC9","PC9",22.5171201128398,1.06375291986474e-07,"BChr"
"PC10","PC10",16.2350429617049,2.61049312923216e-05,"BChr"
"srad","srad",0.000215421612756844,0.000948816123912482,"BChr"
"bio_4","bio_4",0.00145068906451039,5.97794681557635e-05,"BChr"
"sq5_simpBad","sq5_simpBad",1.21044163555915,0.00588090449293286,"BChr"
"sq5_simpVery Bad","sq5_simpVery Bad",-1.70465415459725,0.095630117583369,"BChr"
"S3_5366715","S3_5366715",-0.485822246798747,1.01306514207907e-09,"BChr"
"S3_211286197","S3_211286197",1.0201467429247,1.7157183367568e-20,"BChr"
"S4_248470517","S4_248470517",0.479447932528744,5.67209267457332e-08,"BChr"
