"","Variable","Beta","p","CDH"
"S2_90555553","S2_90555553",0.0874777218292572,4.12229755301311e-11,"BChr Copy Numer"
"S3_5366738","S3_5366738",0.0508466309355892,7.30202563796006e-05,"BChr Copy Numer"
"bio_4","bio_4",0.000184704608553318,3.34800963213919e-06,"BChr Copy Numer"
"PC4","PC4",2.1322032354991,0.00401969154315146,"BChr Copy Numer"
